{"acceleration": -0.11610068308614033, "beta0": 0.00919630560860465, "cy_3": -0.01999999999676081, "cy_4": 0.0218868942628536, "cy_5": 0.006666666656501531, "cy_6": -0.04358043572949945, "cy_8": 0.04422318041550982, "displacement": -0.09242062193296488, "displacement^2": 0.00015769916433715667, "horsepower": -0.07637241541526084, "horsepower^2": 0.00020782612149118515, "log(horsepower)": 0.024751244554492666, "model year": 0.6531342575433317, "origin_1": -0.045534496652423276, "origin_2": -0.042018075391385204, "origin_3": 0.09674887765241344, "weight": -0.003010958526882711}